country,avg_TimesRepeated,avg_acousticness,avg_danceability,avg_energy,avg_instrumentalness,avg_key,avg_liveness,avg_loudness,avg_mode,avg_speechness,avg_tempo,avg_valence,avg_year,continent
greece,156.4,0.3067159994621761,0.7343999981880188,0.7132999956607818,0.02823289052472546,6.0,0.13075000196695327,-6.201100015640259,0.5,0.10650000013411046,109.93050003051758,0.40280000269412997,2019.5,europe
